City_ID,City,Country,Lat,Lng,Max Temp,Humidity,Cloudiness,Wind Speed,Current Description
0,Hualmay,PE,-11.0964,-77.6139,67.64,82,99,8.41,overcast clouds
1,Ushuaia,AR,-54.8,-68.3,47.86,81,75,14.97,light rain
2,Kavieng,PG,-2.5744,150.7967,81.46,80,100,14.2,moderate rain
3,Hasaki,JP,35.7333,140.8333,61.2,80,95,21.3,overcast clouds
4,Bethel,US,41.3712,-73.414,52.38,77,90,8.01,overcast clouds
5,Punta Arenas,CL,-53.15,-70.9167,50.11,87,75,23.02,light intensity shower rain
6,Katsuura,JP,35.1333,140.3,63.19,83,100,20.0,overcast clouds
7,Matay,EG,28.419,30.7792,59.88,61,100,5.35,overcast clouds
8,Sala Consilina,IT,40.3912,15.5989,40.39,93,91,5.57,overcast clouds
9,Zyryanka,RU,65.75,150.85,-42.95,99,91,3.04,overcast clouds
10,Nikolskoye,RU,59.7035,30.7861,7.39,98,100,2.71,overcast clouds
11,Jati,PK,24.3539,68.2671,64.98,24,0,9.95,clear sky
12,Rio Gallegos,AR,-51.6226,-69.2181,59.05,58,40,16.11,scattered clouds
13,Changji,CN,44.0167,87.3167,27.39,74,100,2.24,smoke
14,Soubre,CI,5.7856,-6.6083,72.7,98,28,2.33,scattered clouds
15,Vaini,TO,-21.2,-175.2,82.56,83,20,9.22,few clouds
16,Codrington,AU,-38.2667,141.9667,61.75,44,36,16.44,scattered clouds
17,Albany,US,42.6001,-73.9662,41.52,70,99,1.01,overcast clouds
18,Mataura,NZ,-46.1927,168.8643,66.47,32,6,3.31,clear sky
19,Paamiut,GL,61.994,-49.6678,17.15,76,99,7.38,overcast clouds
20,Hobart,AU,-42.8794,147.3294,59.05,65,75,1.01,broken clouds
21,Ribeira Grande,PT,38.5167,-28.7,64.54,86,91,16.37,overcast clouds
22,Isugod,PH,9.3408,118.1196,84.27,64,32,4.9,scattered clouds
23,Biak,ID,-0.9131,122.8766,83.48,70,100,2.15,overcast clouds
24,Camacupa,AO,-12.0167,17.4833,61.09,92,97,2.21,light rain
25,Amapa,BR,1.0,-52.0,72.18,99,53,2.17,broken clouds
26,Touros,BR,-5.1989,-35.4608,77.9,76,26,12.8,scattered clouds
27,Hilo,US,19.7297,-155.09,76.73,88,90,5.75,moderate rain
28,Tobolsk,RU,58.2,68.2667,-0.98,95,99,6.89,overcast clouds
29,Longyearbyen,SJ,78.2186,15.6401,35.44,69,75,25.32,broken clouds
30,Ukiah,US,39.1502,-123.2078,54.45,92,90,0.0,overcast clouds
31,Vaasa,FI,63.096,21.6158,12.94,84,0,1.14,clear sky
32,Bardstown,US,37.8092,-85.4669,33.51,83,1,0.0,clear sky
33,Hondo,JP,32.45,130.2,57.15,56,1,6.93,clear sky
34,Vostok,RU,46.4856,135.8833,21.7,77,26,3.49,scattered clouds
35,Tura,IN,25.5198,90.2201,71.74,69,0,1.16,clear sky
36,Barrow,US,71.2906,-156.7887,21.22,79,90,17.27,overcast clouds
37,Flic En Flac,MU,-20.2742,57.3631,81.52,70,5,9.4,clear sky
38,Alofi,NU,-19.0595,-169.9187,75.09,94,90,9.22,light intensity shower rain
39,Kashary,RU,49.04,41.0056,34.86,97,100,10.76,overcast clouds
40,Beringovskiy,RU,63.05,179.3167,-5.1,86,95,7.81,overcast clouds
41,Ribeira Brava,PT,32.65,-17.0667,65.03,72,100,7.85,overcast clouds
42,Pacific Grove,US,36.6177,-121.9166,55.51,87,40,1.99,scattered clouds
43,Rincon,US,32.296,-81.2354,68.18,72,75,10.36,broken clouds
44,Grindavik,IS,63.8424,-22.4338,35.55,60,75,19.57,broken clouds
45,Okhotsk,RU,59.3833,143.3,-9.63,84,3,15.99,clear sky
46,Tabas,IR,33.5959,56.9244,49.15,35,0,7.49,clear sky
47,Airai,TL,-8.9266,125.4092,74.62,63,97,2.8,overcast clouds
48,Ponta Do Sol,PT,32.6667,-17.1,65.03,69,100,6.78,overcast clouds
49,Cabedelo,BR,-6.9811,-34.8339,77.67,75,5,11.14,clear sky
50,Yar-Sale,RU,66.8333,70.8333,3.87,93,99,12.28,overcast clouds
51,Ancud,CL,-41.8697,-73.8203,63.93,80,1,2.68,clear sky
52,Qaanaaq,GL,77.484,-69.3632,16.56,77,100,6.76,overcast clouds
53,Kavaratti,IN,10.5669,72.642,80.28,65,3,9.91,clear sky
54,Kolokani,ML,13.5728,-8.0339,66.49,17,5,10.89,clear sky
55,Cherskiy,RU,68.75,161.3,-23.98,97,100,3.98,overcast clouds
56,Port Alfred,ZA,-33.5906,26.891,63.16,88,70,6.76,broken clouds
57,Edd,ER,13.9297,41.6925,78.42,57,1,14.36,clear sky
58,Sukhaya Buyvola,RU,45.1533,42.9956,38.8,86,33,13.82,scattered clouds
59,Kapaa,US,22.0752,-159.319,71.92,80,90,3.0,heavy intensity rain
60,Puerto Ayora,EC,-0.7393,-90.3518,68.31,85,81,5.75,broken clouds
61,Bahia Blanca,AR,-38.7196,-62.2724,71.24,59,0,6.69,clear sky
62,Champerico,GT,14.3,-91.9167,80.04,74,20,5.86,few clouds
63,Mahebourg,MU,-20.4081,57.7,81.25,69,20,10.36,light rain
64,Xuddur,SO,4.1213,43.8894,69.12,88,98,10.29,overcast clouds
65,Hermanus,ZA,-34.4187,19.2345,60.91,76,99,3.96,overcast clouds
66,Yellowknife,CA,62.456,-114.3525,-11.58,83,90,9.22,light snow
67,Winnemucca,US,40.973,-117.7357,39.25,60,90,0.0,overcast clouds
68,Jamestown,US,42.097,-79.2353,32.52,67,90,8.01,light snow
69,Severomuysk,RU,56.1481,113.4267,10.27,94,98,3.8,overcast clouds
70,Georgetown,MY,5.4112,100.3354,85.95,62,20,10.36,few clouds
71,Avarua,CK,-21.2078,-159.775,82.45,83,90,6.91,moderate rain
72,Vallenar,CL,-28.5708,-70.7581,65.89,55,11,1.99,few clouds
73,Andenes,NO,69.3143,16.1194,21.18,73,16,12.66,few clouds
74,Olafsvik,IS,64.8945,-23.7142,36.3,55,100,16.13,overcast clouds
75,Port Blair,IN,11.6667,92.75,82.44,65,40,9.22,scattered clouds
76,Rikitea,PF,-23.1203,-134.9692,76.48,72,19,9.31,few clouds
77,Severo-Kurilsk,RU,50.6789,156.125,37.51,88,95,30.15,light rain
78,Hobyo,SO,5.3505,48.5268,78.35,70,100,14.52,overcast clouds
79,Taoudenni,ML,22.6783,-3.9836,61.48,23,100,15.08,overcast clouds
80,Tateyama,JP,34.9833,139.8667,63.1,81,100,21.12,overcast clouds
81,Salisbury,GB,51.0693,-1.7957,39.42,88,90,9.22,overcast clouds
82,Saint-Philippe,RE,-21.3585,55.7679,80.22,76,24,10.29,few clouds
83,Carnarvon,AU,-24.8667,113.6333,78.87,69,90,11.5,overcast clouds
84,Cidreira,BR,-30.1811,-50.2056,68.0,71,16,13.98,few clouds
85,Bairiki,KI,1.3292,172.9752,87.8,66,75,12.66,light rain
86,Zhanaozen,KZ,43.3,52.8,38.64,68,6,2.8,clear sky
87,Chokurdakh,RU,70.6333,147.9167,-21.71,98,100,1.19,overcast clouds
88,New Norfolk,AU,-42.7826,147.0587,58.71,49,88,4.0,overcast clouds
89,Saint George,US,37.1041,-113.5841,60.35,38,1,1.01,clear sky
90,Mananjary,MG,-21.2167,48.3333,74.57,84,0,4.7,clear sky
91,Butaritari,KI,3.0707,172.7902,83.17,74,73,12.28,broken clouds
92,Khatanga,RU,71.9667,102.5,-6.83,98,100,8.05,light snow
93,Aklavik,CA,68.2191,-135.0107,18.32,82,100,6.69,overcast clouds
94,Dalhousie,IN,32.5333,75.9833,37.47,46,0,7.92,clear sky
95,Fuyang,CN,32.9,115.8167,50.05,49,30,9.73,scattered clouds
96,Port Augusta,AU,-32.5,137.7667,77.7,49,37,20.83,scattered clouds
97,Panaba,MX,21.2833,-88.2667,74.93,89,2,8.21,clear sky
98,Kaitangata,NZ,-46.2817,169.8464,58.93,78,83,12.26,broken clouds
99,Solnechnyy,RU,50.7214,136.6319,19.09,57,3,5.21,clear sky
100,Vrangel,RU,42.7297,133.0839,37.56,41,0,1.3,clear sky
101,Ujjain,IN,23.1833,75.7667,63.48,58,0,9.08,clear sky
102,Karratha,AU,-20.7377,116.8463,99.82,27,55,10.04,broken clouds
103,Bambous Virieux,MU,-20.3428,57.7575,81.21,69,20,10.36,light rain
104,Half Moon Bay,US,37.4636,-122.4286,54.63,90,90,0.0,mist
105,Kalemie,CD,-5.9475,29.1947,71.11,86,100,4.79,overcast clouds
106,Banjar,ID,-8.19,114.9675,87.66,88,100,4.61,overcast clouds
107,Bredasdorp,ZA,-34.5322,20.0403,52.92,94,97,4.61,overcast clouds
108,Terrak,NO,65.087,12.3715,24.67,79,4,12.62,clear sky
109,Atar,MR,20.5169,-13.0499,64.36,17,2,8.9,clear sky
110,Cartagena,CO,10.3997,-75.5144,78.42,94,0,3.44,clear sky
111,Castlemaine,AU,-37.0667,144.2167,58.35,63,98,11.39,overcast clouds
112,Talnakh,RU,69.4865,88.3972,-9.8,99,100,10.98,light snow
113,Souillac,MU,-20.5167,57.5167,81.36,69,20,10.36,few clouds
114,Thompson,CA,55.7435,-97.8558,-27.24,75,20,0.0,few clouds
115,Tuktoyaktuk,CA,69.4541,-133.0374,10.4,79,90,16.11,overcast clouds
116,Busselton,AU,-33.65,115.3333,77.09,40,0,12.82,clear sky
117,Whitehorse,CA,60.7161,-135.0538,11.01,84,90,25.01,overcast clouds
118,Palafrugell,ES,41.9174,3.1631,43.72,68,98,3.42,overcast clouds
119,Grand Gaube,MU,-20.0064,57.6608,81.37,64,1,10.0,clear sky
120,Tezu,IN,27.9167,96.1667,70.54,71,72,1.95,broken clouds
121,Lidkoping,SE,58.5052,13.1577,21.22,88,99,7.56,overcast clouds
122,Vanimo,PG,-2.6741,141.3028,83.89,79,99,2.13,overcast clouds
123,Lompoc,US,34.6391,-120.4579,58.12,86,90,6.91,mist
124,Nha Trang,VN,12.25,109.1833,78.8,74,100,11.1,overcast clouds
125,Cape Town,ZA,-33.9258,18.4232,62.1,81,20,3.0,few clouds
126,Astana,KZ,51.1801,71.446,21.15,93,90,8.95,mist
127,Tasiilaq,GL,65.6145,-37.6368,30.36,90,100,5.14,light snow
128,Yakeshi,CN,49.2833,120.7333,17.65,84,11,8.03,few clouds
129,Bardsir,IR,29.9227,56.5743,26.65,48,0,3.06,clear sky
130,Nanortalik,GL,60.1432,-45.2371,23.02,57,1,33.6,clear sky
131,Esna,EG,25.2934,32.554,60.55,40,57,3.0,broken clouds
132,Berezhany,UA,49.45,24.9333,29.17,98,100,4.32,overcast clouds
133,Wilmington,US,34.2257,-77.9447,62.91,86,1,9.22,clear sky
134,Hays,US,30.0502,-98.0336,52.25,45,91,5.99,overcast clouds
135,Pyay,MM,18.8167,95.2167,76.53,70,45,4.45,scattered clouds
136,Sooke,CA,48.3746,-123.7276,40.57,96,100,24.16,overcast clouds
137,Nuuk,GL,64.1835,-51.7216,21.81,73,75,9.22,light snow
138,Ahipara,NZ,-35.1667,173.1667,71.83,69,100,7.74,light rain
139,Provideniya,RU,64.3833,-173.3,12.31,73,90,11.18,overcast clouds
140,Tolaga Bay,NZ,-38.3667,178.3,72.34,65,100,13.6,light rain
141,Makakilo City,US,21.3469,-158.0858,73.72,86,75,5.75,moderate rain
142,Bubaque,GW,11.2833,-15.8333,80.98,73,21,4.52,few clouds
143,Dunedin,NZ,-45.8742,170.5036,53.8,92,96,10.63,overcast clouds
144,Zyryanovsk,KZ,49.7386,84.2719,20.7,94,100,1.45,overcast clouds
145,Hamilton,US,39.1834,-84.5333,33.55,62,20,4.0,few clouds
146,Buraydah,SA,26.326,43.975,50.45,45,6,6.51,clear sky
147,Tilichiki,RU,60.4667,166.1,-5.15,80,100,10.4,overcast clouds
148,Tim,RU,51.6222,37.1244,33.12,97,100,17.43,snow
149,Port Lincoln,AU,-34.7333,135.8667,62.85,49,37,14.45,scattered clouds
150,Ugoofaaru,MV,5.6667,73.0,82.27,76,31,8.1,scattered clouds
151,Fare,PF,-16.7,-151.0167,79.9,79,100,12.62,moderate rain
152,Moranbah,AU,-22.0016,148.0466,90.75,35,55,8.1,broken clouds
153,Wronki,PL,52.7105,16.3804,28.78,98,93,4.09,overcast clouds
154,Anito,PH,12.4497,125.2886,80.01,89,79,13.29,broken clouds
155,Maceio,BR,-9.6658,-35.7353,76.44,88,75,4.61,broken clouds
156,Axim,GH,4.8699,-2.2405,79.11,85,78,6.64,broken clouds
157,Luderitz,NA,-26.6481,15.1594,60.46,86,4,15.64,clear sky
158,Castro,BR,-24.7911,-50.0119,58.84,92,89,10.49,overcast clouds
159,Atkarsk,RU,51.8718,45.0078,23.97,79,99,13.06,overcast clouds
160,Tiksi,RU,71.6872,128.8694,-25.91,94,100,7.94,overcast clouds
161,Varkaus,FI,62.3153,27.873,10.51,92,99,5.01,overcast clouds
162,Shadegan,IR,30.6497,48.6647,58.95,46,15,6.91,few clouds
163,Presidencia Roque Saenz Pena,AR,-26.7852,-60.4388,74.37,53,64,4.0,broken clouds
164,Chuy,UY,-33.6971,-53.4616,62.04,90,2,7.83,clear sky
165,Eldoret,KE,0.5204,35.2699,55.49,82,0,6.91,clear sky
166,Saldanha,ZA,-33.0117,17.9442,55.45,90,21,12.59,few clouds
167,Wawa,NG,9.9022,4.4192,74.39,35,16,4.23,few clouds
168,Altayskoye,RU,51.9533,85.3325,29.88,87,100,3.24,overcast clouds
169,Rosario Do Sul,BR,-30.2583,-54.9142,65.84,77,0,14.12,clear sky
170,Titay,PH,7.8125,122.5344,76.73,84,100,7.11,overcast clouds
171,Broome,US,42.2506,-75.833,36.86,66,90,5.01,overcast clouds
172,Necochea,AR,-38.5473,-58.7368,59.04,68,0,12.86,clear sky
173,Nago,JP,26.5881,127.9761,73.56,65,43,11.9,scattered clouds
174,Guerrero Negro,MX,27.9769,-114.0611,62.55,83,0,8.66,clear sky
175,Smithers,CA,54.7804,-127.1743,16.12,86,90,4.61,overcast clouds
176,Salalah,OM,17.0151,54.0924,73.49,31,0,9.22,clear sky
177,Ntoum,GA,0.3833,9.7833,74.97,97,100,3.56,overcast clouds
178,Klyuchi,RU,52.2667,79.1667,29.21,91,100,11.54,overcast clouds
179,Atuona,PF,-9.8,-139.0333,79.11,70,1,19.04,clear sky
180,Rawson,AR,-43.3002,-65.1023,79.48,25,0,26.19,clear sky
181,College,US,64.8569,-147.8028,24.46,82,75,0.0,broken clouds
182,Mehamn,NO,71.0357,27.8492,21.43,86,99,11.99,overcast clouds
183,East London,ZA,-33.0153,27.9116,63.54,94,75,6.91,broken clouds
184,Skjervoy,NO,70.0311,20.9714,21.52,56,29,13.69,scattered clouds
185,Srandakan,ID,-7.9386,110.2506,74.73,65,79,3.06,broken clouds
186,San Cristobal,VE,7.7669,-72.225,71.78,81,21,1.45,few clouds
187,Victoria,HK,22.2855,114.1577,73.04,57,0,5.99,clear sky
188,Chapleau,CA,47.8405,-83.4034,-1.25,92,100,10.36,overcast clouds
189,Beloha,MG,-25.1667,45.05,75.97,62,0,5.86,clear sky
190,Machico,PT,32.7,-16.7667,65.03,75,75,10.36,broken clouds
191,Golakganj,IN,26.1,89.8333,71.62,70,0,8.61,clear sky
192,Oshikango,NA,-17.4,15.8833,73.51,28,36,5.97,scattered clouds
193,Seoul,KR,37.5683,126.9778,54.01,53,0,4.61,clear sky
194,Waingapu,ID,-9.6567,120.2641,86.4,68,92,5.86,overcast clouds
195,Bengkulu,ID,-3.8004,102.2655,82.69,69,62,5.06,moderate rain
196,Kashi,CN,39.4547,75.9797,27.61,50,70,8.95,broken clouds
197,Hithadhoo,MV,-0.6,73.0833,82.27,78,100,15.93,overcast clouds
198,Kaeo,NZ,-35.1,173.7833,74.32,81,100,4.9,light rain
199,Mount Gambier,AU,-37.8333,140.7667,64.31,45,90,17.27,overcast clouds
200,Saint-Malo,FR,48.5,-1.8333,41.22,100,87,8.79,overcast clouds
201,Pevek,RU,69.7008,170.3133,-12.08,92,100,11.79,overcast clouds
202,Kargopol,RU,61.5071,38.9456,9.01,95,100,7.65,light snow
203,Traverse City,US,44.7631,-85.6206,21.94,76,90,20.71,light snow
204,Alihe,CN,50.5667,123.7167,21.51,68,9,2.48,clear sky
205,Fort Frances,CA,48.5999,-93.4003,-6.95,79,1,0.0,clear sky
206,Sioux Lookout,CA,50.1001,-91.917,-9.02,77,20,5.75,few clouds
207,Valparaiso,CL,-33.0393,-71.6273,60.44,77,75,5.75,broken clouds
208,Adre,TD,13.4667,22.2,66.81,21,5,8.43,clear sky
209,Bluff,NZ,-46.6,168.3333,66.79,67,1,9.62,clear sky
210,Nouadhibou,MR,20.931,-17.0347,67.95,49,95,11.39,overcast clouds
211,Carupano,VE,10.6678,-63.2585,76.64,86,34,10.63,scattered clouds
212,Halifax,CA,44.6453,-63.5724,59.68,95,100,15.01,overcast clouds
213,San Patricio,US,28.017,-97.5169,64.49,47,100,15.08,overcast clouds
214,Kodiak,US,57.79,-152.4072,36.91,87,40,3.44,scattered clouds
215,Tsabong,BW,-26.0217,22.401,69.31,29,0,8.41,clear sky
216,Sept-Iles,CA,50.2001,-66.3821,32.52,97,90,11.99,light rain and snow
217,Leningradskiy,RU,69.3833,178.4167,-6.75,85,100,28.7,overcast clouds
218,Dongsheng,CN,39.8161,109.9776,31.55,28,100,4.7,overcast clouds
219,Gaoua,BF,10.2992,-3.2508,73.87,21,35,3.49,scattered clouds
220,Ilulissat,GL,69.2167,-51.1,19.42,49,100,13.8,overcast clouds
221,Punta De Piedra,VE,7.6176,-71.4916,78.64,64,98,1.72,overcast clouds
222,Tabou,CI,4.423,-7.3528,78.76,85,37,7.02,light rain
223,Poum,NC,-20.2333,164.0167,82.63,71,2,11.32,clear sky
224,Angoche,MZ,-16.2325,39.9086,75.72,88,100,6.11,overcast clouds
225,Chicama,PE,-7.8447,-79.1469,63.14,80,100,4.74,overcast clouds
226,Tuatapere,NZ,-46.1333,167.6833,66.81,51,15,9.17,few clouds
227,Aktash,RU,50.3,87.7333,13.51,84,100,4.16,overcast clouds
228,Uromi,NG,6.7,6.3333,71.24,96,86,3.58,overcast clouds
229,Vao,NC,-22.6667,167.4833,79.02,73,0,3.87,clear sky
230,Vega De Alatorre,MX,20.0333,-96.6333,75.36,88,59,6.06,broken clouds
231,Narsaq,GL,60.9167,-46.05,16.02,49,59,18.52,broken clouds
232,Sola,VU,-13.8833,167.55,84.87,84,75,0.0,broken clouds
233,Sangar,RU,63.9242,127.4739,-25.69,96,100,2.62,overcast clouds
234,Kanniyakumari,IN,8.0833,77.5667,80.78,79,39,14.09,scattered clouds
235,Kaseda,JP,31.4167,130.3167,66.54,55,13,13.2,few clouds
236,Mecca,SA,21.4267,39.8261,70.57,78,27,0.72,scattered clouds
237,Sao Joao Da Barra,BR,-21.6403,-41.0511,70.3,84,100,4.09,overcast clouds
238,Gondanglegi,ID,-7.7479,112.0132,80.35,82,99,5.57,overcast clouds
239,Iqaluit,CA,63.7506,-68.5145,13.73,66,75,3.0,broken clouds
240,Byron Bay,AU,-28.65,153.6167,80.71,68,100,5.03,overcast clouds
241,Sao Filipe,CV,14.8961,-24.4956,76.89,68,46,5.26,scattered clouds
242,Havelock,US,34.8791,-76.9013,62.98,90,100,5.01,overcast clouds
243,Naze,JP,28.3667,129.4833,68.92,61,67,14.03,broken clouds
244,Vardo,NO,70.3705,31.1107,22.95,72,95,17.67,overcast clouds
245,Palana,RU,59.1167,159.9667,23.04,93,100,10.6,snow
246,Arlit,NE,18.7369,7.3853,67.86,17,5,8.25,clear sky
247,Lebu,CL,-37.6167,-73.65,57.29,86,73,11.12,broken clouds
248,Puerto Carreno,CO,6.189,-67.4859,82.49,60,92,8.84,overcast clouds
249,Buckie,GB,57.6757,-2.9624,36.03,68,22,11.7,few clouds
250,Lavrentiya,RU,65.5833,-171.0,-0.2,95,100,8.14,overcast clouds
251,Tongchuan,CN,35.0806,109.0897,40.68,39,97,12.15,overcast clouds
252,Samarai,PG,-10.6167,150.6667,84.47,72,100,12.28,overcast clouds
253,Lichuan,CN,30.3,108.85,47.25,57,95,9.82,overcast clouds
254,Bridlington,GB,54.0831,-0.1919,38.28,82,0,15.26,clear sky
255,Cap-Aux-Meules,CA,47.3821,-61.8597,48.22,93,90,23.02,overcast clouds
256,Atascadero,US,35.4894,-120.6707,53.35,68,100,1.72,overcast clouds
257,Prince George,CA,53.9166,-122.753,16.63,93,40,0.0,scattered clouds
258,Arraial Do Cabo,BR,-22.9661,-42.0278,72.64,87,49,12.53,scattered clouds
259,Dikson,RU,73.5069,80.5464,-16.35,100,91,2.8,overcast clouds
260,Zhanakorgan,KZ,43.9098,67.2495,37.8,80,94,3.47,overcast clouds
261,Romans-Sur-Isere,FR,45.0464,5.0562,38.93,91,69,5.21,broken clouds
262,Amalapuram,IN,16.5833,82.0167,80.98,71,2,7.23,clear sky
263,Camocim,BR,-2.9022,-40.8411,80.78,80,24,13.82,few clouds
264,Pacifica,US,37.6138,-122.4869,54.45,86,90,3.0,mist
265,Pisco,PE,-13.7,-76.2167,66.25,82,0,10.36,clear sky
266,Jodhpur,IN,26.2867,73.03,63.55,42,0,9.84,clear sky
267,Nizhneangarsk,RU,55.7833,109.55,25.99,78,98,3.94,overcast clouds
268,Vestmannaeyjar,IS,63.4427,-20.2734,37.72,59,100,20.69,overcast clouds
269,Oum Hadjer,TD,13.2954,19.6966,71.83,20,30,9.86,scattered clouds
270,Kruisfontein,ZA,-34.0033,24.7314,58.89,94,38,3.49,scattered clouds
271,Keti Bandar,PK,24.1447,67.4497,67.73,31,0,13.62,clear sky
272,Gaffney,US,35.0718,-81.6498,62.47,58,100,6.4,overcast clouds
273,Mar Del Plata,AR,-38.0023,-57.5575,64.87,83,0,20.0,clear sky
274,Clyde River,CA,70.4692,-68.5914,10.63,79,100,0.0,light snow
275,Roma,US,43.2128,-75.4557,37.13,71,75,5.01,broken clouds
276,Flinders,AU,-34.5833,150.8552,79.88,79,67,11.23,heavy intensity rain
277,Mwene-Ditu,CD,-7.0,23.45,65.59,95,100,4.16,overcast clouds
278,Upernavik,GL,72.7868,-56.1549,17.01,94,100,7.02,overcast clouds
279,Kerema,PG,-7.9631,145.7785,84.9,70,92,9.08,overcast clouds
280,Yulara,AU,-25.2406,130.9889,89.44,25,27,12.66,scattered clouds
281,Quatre Cocos,MU,-20.2078,57.7625,81.09,71,16,11.74,light rain
282,Urkut,HU,47.085,17.6439,29.34,84,8,10.92,clear sky
283,Imbituba,BR,-28.24,-48.6703,69.69,87,99,8.05,overcast clouds
284,Torbay,CA,47.6666,-52.7314,38.57,79,90,19.57,overcast clouds
285,Igarka,RU,67.4667,86.5833,-16.91,92,100,14.27,overcast clouds
286,Manaus,BR,-3.1019,-60.025,77.5,100,75,3.44,broken clouds
287,Port Elizabeth,ZA,-33.918,25.5701,61.11,94,0,6.91,clear sky
288,Tazmalt,DZ,36.3868,4.3989,48.72,84,85,3.71,overcast clouds
289,Nohar,IN,29.1833,74.7667,61.56,44,0,4.76,clear sky
290,Tulua,CO,4.0847,-76.1954,72.43,95,99,0.81,overcast clouds
291,Sakakah,SA,29.9697,40.2064,47.77,42,89,7.67,overcast clouds
292,Warrington,GB,53.3925,-2.5802,38.86,89,16,1.01,few clouds
293,Belmonte,BR,-15.8631,-38.8828,75.7,86,100,8.01,moderate rain
294,Bonoua,CI,5.2741,-3.595,82.02,86,52,4.16,broken clouds
295,Talaya,RU,61.3833,152.75,-13.67,99,100,4.54,light snow
296,Sibolga,ID,1.7427,98.7792,86.61,58,54,4.23,broken clouds
297,Glendale,US,33.5387,-112.186,66.58,34,40,0.0,scattered clouds
298,Derzhavinsk,KZ,51.1,66.3167,11.26,98,100,5.95,overcast clouds
299,Baruun-Urt,MN,46.6806,113.2792,26.56,37,30,14.45,scattered clouds
300,Auki,SB,-8.7676,160.7034,80.28,87,92,4.0,overcast clouds
301,Alta,NO,69.9689,23.2717,4.26,56,22,12.66,few clouds
302,Fiche,ET,9.8,38.7333,44.13,39,7,2.46,clear sky
303,Mwingi,KE,-0.9344,38.0601,64.45,88,14,2.37,few clouds
304,Portland,US,45.5234,-122.6762,50.58,96,90,1.01,overcast clouds
305,Ponta Delgada,PT,37.7333,-25.6667,65.12,72,75,13.8,broken clouds
306,Leh,IN,34.1667,77.5833,10.98,72,36,4.36,scattered clouds
307,Amqui,CA,48.4638,-67.4313,30.69,98,100,13.56,snow
308,Lagoa,PT,39.05,-27.9833,63.75,88,81,17.36,broken clouds
309,Felipe Carrillo Puerto,MX,19.5833,-88.05,73.0,98,4,2.8,clear sky
310,Hereford,GB,52.0568,-2.7148,40.33,86,62,5.64,broken clouds
311,Miri,MY,4.4148,114.0089,84.34,74,40,4.61,scattered clouds
312,Tomatlan,MX,19.9333,-105.25,70.92,84,99,3.74,overcast clouds
313,Mosetse,BW,-20.75,26.65,72.63,59,99,10.54,overcast clouds
314,Norrtalje,SE,59.758,18.705,16.02,96,29,3.09,scattered clouds
315,Svetlyy,RU,54.675,20.1347,15.85,92,82,6.62,broken clouds
316,Bugembe,UG,0.4797,33.2344,64.42,79,70,1.41,broken clouds
317,Goianira,BR,-16.4961,-49.4264,73.22,93,55,2.42,broken clouds
318,Honiara,SB,-9.4333,159.95,82.96,83,99,3.58,moderate rain
319,Richards Bay,ZA,-28.783,32.0377,73.0,82,88,11.92,overcast clouds
320,Saint-Augustin,CA,51.226,-58.6502,30.13,96,100,23.6,snow
321,Rocha,UY,-34.4833,-54.3333,58.33,97,11,4.54,few clouds
322,Muros,ES,42.7762,-9.0603,60.1,95,100,15.95,overcast clouds
323,Faanui,PF,-16.4833,-151.75,80.78,75,94,11.86,light rain
324,Oranjemund,NA,-28.55,16.4333,59.22,90,37,13.04,scattered clouds
325,Tarko-Sale,RU,64.9225,77.785,-9.4,97,92,13.62,overcast clouds
326,Imuris,MX,30.7833,-110.8667,56.62,31,0,4.76,clear sky
327,Rorvik,NO,64.8621,11.2373,19.92,75,0,24.18,clear sky
328,Preobrazheniye,RU,42.9019,133.9064,38.73,45,2,1.61,clear sky
329,Kailua,US,21.4022,-157.7394,75.18,47,100,13.4,moderate rain
330,Ishigaki,JP,24.3448,124.1572,75.33,64,40,18.41,scattered clouds
331,Hrubieszow,PL,50.805,23.8925,27.25,97,99,6.33,overcast clouds
332,Maues,BR,-3.3836,-57.7186,74.46,96,95,0.81,overcast clouds
333,Shingu,JP,33.7333,135.9833,52.79,90,100,5.06,overcast clouds
334,Faridkot,IN,30.6667,74.75,64.78,38,0,4.14,clear sky
335,Puri,IN,19.8,85.85,73.92,75,0,9.28,clear sky
336,Storforshei,NO,66.4043,14.5233,-3.8,93,6,8.01,clear sky
337,Praia Da Vitoria,PT,38.7333,-27.0667,62.76,82,40,10.02,scattered clouds
338,Qandala,SO,11.472,49.8728,74.37,61,4,4.54,clear sky
339,Grand-Lahou,CI,5.1367,-5.0242,78.93,84,10,7.18,clear sky
340,Huarmey,PE,-10.0681,-78.1522,67.87,83,100,7.14,overcast clouds
341,Jalu,LY,29.0331,21.5482,52.02,36,0,16.96,clear sky
342,Aromashevo,RU,56.8602,68.6375,0.79,94,100,10.11,overcast clouds
343,Turuvekere,IN,13.1642,76.6667,74.64,64,65,6.64,broken clouds
344,Birjand,IR,32.8663,59.2211,28.87,54,0,6.91,clear sky
345,North Bend,US,43.4065,-124.2243,51.71,97,90,4.61,overcast clouds
346,Russell,US,32.3502,-85.1999,60.4,94,90,5.75,overcast clouds
347,Skogn,NO,63.7,11.2,18.79,84,5,6.02,clear sky
348,Oussouye,SN,12.485,-16.5469,68.18,77,8,2.44,clear sky
349,Shulan,CN,44.4167,126.95,30.31,63,2,9.19,clear sky
350,Shenjiamen,CN,29.9576,122.298,56.97,57,0,14.61,clear sky
351,Taltal,CL,-25.4,-70.4833,63.54,76,49,0.63,scattered clouds
352,Sinop,TR,41.7711,34.8709,47.16,76,5,13.18,clear sky
353,Takoradi,GH,4.8845,-1.7554,79.34,85,62,7.94,broken clouds
354,Avera,US,33.194,-82.5271,66.7,87,100,11.72,overcast clouds
355,Klaksvik,FO,62.2266,-6.589,41.92,94,85,39.17,overcast clouds
356,Uruacu,BR,-14.5247,-49.1408,70.23,94,95,0.74,overcast clouds
357,Stykkisholmur,IS,65.0757,-22.7297,32.22,79,100,8.61,overcast clouds
358,Aksarka,RU,66.5606,67.7975,-2.31,95,72,4.23,broken clouds
359,Terrace,CA,54.5163,-128.6035,21.42,73,75,19.57,broken clouds
360,Katobu,ID,-4.9408,122.5276,79.52,82,100,11.72,overcast clouds
361,Omsukchan,RU,62.5333,155.8,-16.83,88,100,4.36,overcast clouds
362,Bantou,CN,26.2151,117.4893,67.53,49,0,2.62,clear sky
363,Limbang,MY,4.75,115.0,86.31,54,66,1.88,broken clouds
364,Coihaique,CL,-45.5752,-72.0662,61.41,67,0,3.44,clear sky
365,Bilibino,RU,68.0546,166.4372,-22.36,97,100,0.43,overcast clouds
366,Koungou,YT,-12.7336,45.2042,80.31,78,75,11.5,broken clouds
367,Sechura,PE,-5.5569,-80.8222,67.44,80,86,10.8,overcast clouds
368,Esperance,AU,-33.8667,121.9,71.44,51,30,21.07,scattered clouds
369,Dakar,SN,14.6937,-17.4441,77.88,88,15,9.22,few clouds
370,Aswan,EG,24.0934,32.907,60.1,55,0,5.75,clear sky
371,Teya,RU,60.3778,92.6267,16.88,96,100,2.15,light snow
372,Katherine,AU,-14.4667,132.2667,91.72,49,90,12.66,thunderstorm
373,Meulaboh,ID,4.1363,96.1285,84.81,67,17,3.87,few clouds
374,Rio Cuarto,AR,-33.1307,-64.3499,69.67,55,0,7.94,clear sky
375,Whitecourt,CA,54.1502,-115.6855,7.84,72,75,3.44,broken clouds
376,Mumbwa,ZM,-14.9783,27.0619,70.5,65,93,2.77,overcast clouds
377,Bonfim,BR,3.0833,-59.95,76.73,81,85,8.23,overcast clouds
378,Pestravka,RU,52.405,49.9583,17.02,88,99,7.02,overcast clouds
379,Waitati,NZ,-45.75,170.5667,54.32,93,99,6.46,overcast clouds
380,Juneau,US,58.3019,-134.4197,31.21,94,90,13.8,overcast clouds
381,Okha,RU,53.5739,142.9478,19.6,64,91,25.26,overcast clouds
382,Lydenburg,ZA,-25.0978,30.4597,63.39,74,100,2.84,overcast clouds
383,Trapani,IT,37.8333,12.6667,55.58,62,40,25.32,scattered clouds
384,Bonavista,CA,48.6499,-53.1147,38.12,76,97,26.35,overcast clouds
385,Bismarck,US,46.8083,-100.7837,12.87,79,90,4.61,light snow
386,San Policarpo,PH,12.1791,125.5072,80.49,87,83,16.53,broken clouds
387,Kochinda,IN,21.7333,84.35,69.76,57,0,5.77,clear sky
388,Saint-Francois,FR,46.4154,3.9054,42.67,91,90,4.61,overcast clouds
389,Rabo De Peixe,PT,37.8,-25.5833,63.91,95,75,13.8,broken clouds
390,Wetaskiwin,CA,52.9668,-113.3687,7.88,85,47,6.93,scattered clouds
391,Trat,TH,12.5,102.5,83.25,58,5,10.83,light rain
392,Walvis Bay,NA,-22.9575,14.5053,58.08,100,18,4.61,few clouds
393,Taksimo,RU,56.3444,114.8794,7.72,90,93,0.76,overcast clouds
394,Hegang,CN,47.4,130.3667,24.42,77,9,7.54,clear sky
395,Fort Wellington,GY,6.4,-57.6,76.05,93,86,6.85,overcast clouds
396,Bathsheba,BB,13.2167,-59.5167,79.41,73,40,21.85,scattered clouds
397,Cabiraoan,PH,18.3238,122.086,77.5,70,84,13.67,broken clouds
398,Manadhoo,MV,5.7667,73.3833,82.36,76,25,9.89,scattered clouds
399,Cockburn Town,TC,21.4612,-71.1419,80.55,78,57,19.35,broken clouds
400,Russkaya Polyana,UA,49.417,31.9201,46.94,97,100,9.66,overcast clouds
401,Sao Gabriel Da Cachoeira,BR,-0.1303,-67.0892,73.04,100,100,2.86,overcast clouds
402,Quelimane,MZ,-17.8786,36.8883,80.55,78,20,9.22,few clouds
403,Boyolangu,ID,-8.1181,111.8935,81.03,77,96,7.23,overcast clouds
404,Charyshskoye,RU,51.3978,83.5598,29.46,89,92,4.83,overcast clouds
405,North Platte,US,41.1239,-100.7654,28.29,51,1,14.97,clear sky
406,Khandyga,RU,62.6667,135.6,-16.11,96,100,0.31,overcast clouds
407,Konotop,UA,51.2403,33.2026,37.38,99,100,9.62,overcast clouds
408,Kandava,LV,57.0409,22.7747,11.37,94,77,3.91,broken clouds
409,Nakambala,ZM,-15.8324,27.7799,75.88,45,85,2.37,overcast clouds
410,Moroni,KM,-11.7022,43.2551,80.6,74,20,8.05,few clouds
411,Manyana,BW,-23.4,21.7167,72.43,50,68,7.14,broken clouds
412,Sinnamary,GF,5.3833,-52.95,77.41,89,95,6.44,overcast clouds
413,Ravar,IR,31.2656,56.8055,48.81,35,0,3.24,clear sky
414,Aksha,RU,50.2814,113.2867,24.26,56,44,3.29,scattered clouds
415,Sabang,ID,5.8933,95.3214,82.51,72,21,20.92,few clouds
416,Korla,CN,41.7597,86.1469,33.06,39,100,4.12,overcast clouds
417,Cam Ranh,VN,11.9214,109.1591,78.76,57,40,23.02,scattered clouds
418,Sitka,US,57.0531,-135.33,33.69,75,90,5.75,overcast clouds
419,Mgandu,TZ,-5.95,34.1333,62.85,80,95,7.34,overcast clouds
420,Kirovskiy,RU,45.0917,133.5136,29.01,76,6,0.85,clear sky
421,Norman Wells,CA,65.282,-126.8329,-9.36,70,20,10.36,few clouds
422,Mirnyy,RU,62.5353,113.9611,-17.77,68,28,4.0,scattered clouds
423,Marsh Harbour,BS,26.5412,-77.0636,76.8,84,9,9.48,clear sky
424,Port Shepstone,ZA,-30.7414,30.455,69.13,79,12,10.92,few clouds
425,Saint Anthony,US,45.0205,-93.218,6.15,67,1,1.99,clear sky
426,Yuncheng,CN,35.0231,110.9928,46.99,30,99,10.6,overcast clouds
427,Sobolevo,RU,54.4299,31.8996,28.74,98,100,1.99,light snow
428,Comodoro Rivadavia,AR,-45.8667,-67.5,64.26,34,0,5.75,clear sky
429,Asau,RO,46.4333,26.4,34.95,86,98,3.76,light snow
430,Mathbaria,BD,22.2876,89.9593,73.02,93,100,6.17,overcast clouds
431,Vanderhoof,CA,54.0166,-124.0198,21.33,77,100,3.04,overcast clouds
432,Kattivakkam,IN,13.2167,80.3167,82.49,72,21,8.41,few clouds
433,Saskylakh,RU,71.9167,114.0833,-11.25,98,100,5.97,overcast clouds
434,Matara,LK,5.9485,80.5353,81.86,77,54,5.95,broken clouds
435,Viedma,AR,-40.8135,-62.9967,68.56,65,0,13.56,clear sky
436,Broken Hill,AU,-31.95,141.4333,76.71,29,0,10.36,clear sky
437,Toccoa,US,34.5773,-83.3324,58.19,78,1,0.0,clear sky
438,Padang,ID,-0.9492,100.3543,87.85,62,66,4.56,broken clouds
439,Shetpe,KZ,44.1667,52.1167,38.95,80,12,2.33,few clouds
440,Tommot,RU,58.9564,126.2925,7.0,77,100,12.62,overcast clouds
441,Tazovskiy,RU,67.4667,78.7,-5.24,98,99,7.16,overcast clouds
442,Iberia,US,29.9502,-91.7507,57.2,94,90,12.66,overcast clouds
443,Tigil,RU,57.8,158.6667,29.39,89,100,10.58,overcast clouds
444,Abancay,PE,-13.6339,-72.8814,56.62,96,99,3.36,overcast clouds
445,Srednekolymsk,RU,67.45,153.6833,-35.1,99,92,2.53,overcast clouds
446,Cabatuan,PH,10.8794,122.486,81.34,72,99,11.68,overcast clouds
447,Kyabram,AU,-36.3167,145.05,72.48,51,53,20.0,broken clouds
448,Kharan,PK,28.5833,65.4167,61.2,14,0,0.65,clear sky
449,Marzuq,YE,14.4,46.4667,60.53,30,9,2.13,clear sky
450,Darhan,MN,49.4867,105.9228,17.6,76,90,1.79,overcast clouds
451,Kirakira,SB,-10.4544,161.9205,83.86,75,100,6.42,overcast clouds
452,Natchez,US,31.5604,-91.4032,51.26,81,75,6.91,broken clouds
453,Falesti,MD,47.5736,27.7092,36.46,87,98,7.43,overcast clouds
454,Chamba,IN,32.5667,76.1333,57.13,40,0,5.37,clear sky
455,Maxixe,MZ,-23.8597,35.3472,80.42,94,75,3.44,broken clouds
456,Buchanan,LR,5.8808,-10.0467,77.97,87,16,5.77,light rain
457,Zheshart,RU,62.0731,49.5733,0.12,98,25,4.97,scattered clouds
458,Eureka,US,40.8021,-124.1637,49.68,96,100,5.44,light rain
459,Los Llanos De Aridane,ES,28.6585,-17.9182,62.35,77,90,5.01,overcast clouds
460,Ixtapa,MX,20.7,-105.2,75.22,83,1,0.0,clear sky
461,Baghdad,IQ,33.3406,44.4009,44.51,70,0,8.05,clear sky
462,Agua Verde,MX,22.9,-106.05,76.12,77,59,6.64,broken clouds
463,Salta,AR,-24.7859,-65.4117,64.69,97,75,0.0,broken clouds
464,Ewo,CG,-0.8725,14.8206,71.19,94,98,4.97,light rain
465,Virginia Beach,US,36.8529,-75.978,66.25,69,90,9.22,overcast clouds
466,Liverpool,GB,53.4106,-2.9779,39.81,87,22,1.99,few clouds
467,Cabo San Lucas,MX,22.8909,-109.9124,76.51,72,1,0.0,clear sky
468,Kieta,PG,-6.2167,155.6333,82.74,85,84,7.96,moderate rain
469,Aksu,CN,41.1231,80.2644,34.0,39,11,2.44,few clouds
470,Noumea,NC,-22.2763,166.4572,87.78,99,19,9.42,few clouds
471,Dinguiraye,GN,11.3,-10.7167,67.08,28,12,1.79,few clouds
472,Kangaatsiaq,GL,68.3065,-53.4641,20.98,70,45,13.09,scattered clouds
473,Rawah,IQ,34.4816,41.9093,50.76,49,70,4.0,broken clouds
474,Mapastepec,MX,15.4333,-92.9,76.8,79,28,3.31,scattered clouds
475,Lamphun,TH,18.25,98.9167,74.68,55,5,1.59,clear sky
476,Dzaoudzi,YT,-12.7887,45.2699,80.49,78,75,11.5,broken clouds
477,Ambon,ID,-3.6954,128.1814,82.54,83,40,13.8,light rain
478,Yarada,IN,17.65,83.2667,80.92,69,20,10.36,haze
479,Verkhnyaya Inta,RU,65.9811,60.3094,6.62,93,100,22.01,light snow
480,Sungurlu,TR,40.1675,34.3739,44.22,72,0,5.37,clear sky
481,Severnyy,RU,50.677,36.5532,35.64,100,90,17.9,mist
482,Kudat,MY,6.8837,116.8477,82.33,78,20,2.3,few clouds
483,Buala,SB,-8.145,159.5921,82.47,81,97,8.14,moderate rain
484,Bilma,NE,18.6853,12.9164,63.25,20,40,10.89,scattered clouds
485,Totma,RU,59.9747,42.7642,9.73,84,100,7.29,overcast clouds
486,Gat,IL,31.61,34.7642,65.91,44,100,3.56,overcast clouds
487,Kaliua,TZ,-5.0606,31.7936,66.4,85,99,3.76,overcast clouds
488,Kahului,US,20.8947,-156.47,78.82,86,40,5.75,scattered clouds
489,Abu Samrah,SY,35.3029,37.1841,50.81,52,48,9.35,scattered clouds
490,Vestmanna,FO,62.1564,-7.1664,40.12,87,90,21.85,overcast clouds
491,Kawalu,ID,-7.3817,108.2082,85.95,63,51,1.36,broken clouds
492,Buin,CL,-33.7333,-70.75,71.87,76,0,2.24,clear sky
493,Halle,DE,51.5,12.0,35.17,86,0,1.01,clear sky
494,Laguna,US,38.421,-121.4238,51.22,93,90,0.0,mist
495,Groningen,NL,53.25,6.75,36.03,94,90,1.01,light rain
496,Harper,LR,4.375,-7.7169,78.42,86,43,7.45,light rain
497,Kologriv,RU,58.8275,44.3178,8.55,83,100,8.23,overcast clouds
498,Westerland,DE,54.9079,8.3033,33.82,86,75,17.27,broken clouds
499,Pychas,RU,56.5033,52.4409,1.08,89,17,0.54,few clouds
500,La Ronge,CA,55.1001,-105.2842,-18.15,76,1,1.14,clear sky
501,Lashio,MM,22.9333,97.75,72.72,58,52,2.98,broken clouds
502,Vieques,PR,18.425,-65.8329,80.64,78,40,0.0,scattered clouds
503,Stornoway,GB,58.2093,-6.3865,35.56,89,12,1.01,few clouds
504,Pocoes,BR,-14.5297,-40.3653,64.11,99,100,3.2,overcast clouds
505,Hambantota,LK,6.1241,81.1185,82.74,89,20,6.91,few clouds
506,Wajir,KE,1.7471,40.0573,76.8,75,51,10.38,broken clouds
507,Mathathane,BW,-22.2687,28.7495,74.21,65,92,4.47,overcast clouds
508,Dudinka,RU,69.4058,86.1778,-9.38,97,100,16.22,light snow
509,Moses Lake,US,47.1301,-119.2781,34.61,74,90,6.91,overcast clouds
510,Langtad,PH,10.1857,123.7344,77.76,84,100,6.42,overcast clouds
511,Novyy Urengoy,RU,66.0833,76.6333,-0.45,97,100,8.5,light snow
512,Adrar,MR,20.5022,-10.0711,59.36,18,83,11.7,broken clouds
513,Shenzhen,CN,22.5455,114.0683,72.86,65,0,5.35,clear sky
514,Surgut,RU,61.25,73.4167,-36.22,74,0,4.47,clear sky
515,Bastia,FR,42.6667,9.3333,51.6,55,0,7.0,clear sky
516,Carndonagh,IE,55.25,-7.2667,36.68,82,90,6.35,overcast clouds
517,Coxim,BR,-18.5067,-54.76,79.65,63,45,3.83,scattered clouds
518,Sar-E Pul,AF,35.8333,66.1667,42.67,63,100,6.06,overcast clouds
519,Petropavlovsk-Kamchatskiy,RU,53.0452,158.6483,36.19,87,90,8.95,light intensity shower rain
520,Cravo Norte,CO,6.3017,-70.2041,79.72,61,82,5.39,broken clouds
521,Mahanoro,MG,-19.9,48.8,77.88,71,34,1.59,scattered clouds
522,Gilbues,BR,-9.8317,-45.3439,77.2,69,99,1.57,overcast clouds
523,Xai-Xai,MZ,-25.0519,33.6442,76.69,79,92,4.63,light rain
524,Coahuayana,MX,18.7333,-103.6833,81.88,75,2,2.95,clear sky
525,Pauini,BR,-7.7136,-66.9764,72.64,99,100,0.29,overcast clouds
526,Jalingo,NG,8.8833,11.3667,76.14,29,89,3.96,overcast clouds
527,Gizo,SB,-8.103,156.8419,84.87,70,100,4.43,light rain
528,Bara,NG,10.3744,10.7288,69.44,27,100,6.93,overcast clouds
529,Malindi,KE,-3.2175,40.1191,79.57,76,58,3.78,broken clouds
530,Awjilah,LY,29.1081,21.2869,52.25,35,0,19.8,clear sky
531,Kudahuvadhoo,MV,2.6708,72.8944,82.67,72,97,10.29,overcast clouds
532,Sorland,NO,67.667,12.6934,26.44,64,2,13.89,clear sky
533,Senneterre,CA,48.3835,-77.2328,10.62,88,100,14.34,overcast clouds
534,Chernyshevskiy,RU,63.0128,112.4714,-22.65,95,24,2.21,few clouds
535,Ngaoundere,CM,7.3167,13.5833,67.59,31,100,4.23,overcast clouds
536,Soure,BR,-0.7167,-48.5233,78.93,87,100,9.33,overcast clouds
537,Boguchany,RU,58.3814,97.4531,30.2,97,100,8.48,snow
538,Sutton,GB,51.35,-0.2,38.05,89,5,4.0,clear sky
539,Beidao,CN,34.5686,105.8933,36.61,90,100,4.18,overcast clouds
540,Aras,ES,42.5617,-2.356,44.73,96,45,2.3,scattered clouds
541,Honningsvag,NO,70.9821,25.9704,24.03,71,94,27.07,overcast clouds
542,San Lawrenz,MT,36.0553,14.204,54.86,74,95,5.99,overcast clouds
543,Te Anau,NZ,-45.4167,167.7167,66.43,45,15,5.21,few clouds
544,Oktyabrskoye,RU,43.0645,44.7417,24.94,100,0,4.47,fog
545,Ipixuna,BR,-1.7625,-48.8043,76.95,96,98,3.06,moderate rain
546,Superior,US,46.7208,-92.1041,1.29,69,1,5.75,clear sky
547,Erdaojiang,CN,41.7764,126.0319,30.36,76,19,0.31,few clouds
548,Salina Cruz,MX,16.1667,-95.2,78.69,75,2,6.38,clear sky
549,Chibombo,ZM,-14.6569,28.0706,70.41,49,54,2.21,broken clouds
550,Khuzhir,RU,53.1939,107.3397,34.74,65,61,10.07,broken clouds
551,Abapo,BO,-18.8333,-63.4667,63.07,82,35,4.63,scattered clouds
552,Reconquista,AR,-29.15,-59.65,71.64,44,0,8.41,light rain
553,Ziro,IN,27.6333,93.8333,48.94,76,93,0.36,overcast clouds
554,Hofn,IS,64.2539,-15.2082,36.48,80,100,13.06,overcast clouds
555,Coffs Harbour,AU,-30.3,153.1333,83.14,73,90,12.66,overcast clouds
556,Merauke,ID,-8.4667,140.3333,85.77,65,63,9.84,broken clouds
557,Bayan,CN,46.0833,127.4,28.0,79,9,12.12,clear sky
558,Westport,US,41.1415,-73.3579,53.64,76,90,19.57,overcast clouds
559,Saint-Pierre,RE,-21.3393,55.4781,80.29,63,75,5.75,broken clouds
560,Ranfurly,NZ,-45.1333,170.1,58.06,61,82,1.72,broken clouds
561,Kasongo,CD,-4.45,26.6667,66.58,98,100,0.56,overcast clouds
562,Atherton,GB,53.5237,-2.4935,39.42,89,27,1.99,scattered clouds
563,Chihuahua,MX,28.5,-106.0,49.03,29,24,5.86,few clouds
564,Saint-Denis,FR,48.9167,2.3333,40.78,92,40,5.75,scattered clouds
565,Changli,CN,39.7042,119.1506,44.85,34,0,6.58,clear sky
566,Nizwa,OM,22.9333,57.5333,68.23,50,1,1.68,clear sky
567,Lata,PT,40.1629,-8.3327,58.05,97,100,5.32,overcast clouds
568,Dali,CN,25.7,100.1833,54.54,85,100,3.62,overcast clouds
569,Puerto Maldonado,PE,-12.6,-69.1833,71.15,99,100,1.25,overcast clouds
570,Teknaf,BD,20.8624,92.3058,80.19,67,100,9.53,overcast clouds
571,Lerwick,GB,60.1545,-1.1494,42.8,75,65,13.29,broken clouds
572,Leninskoye,KZ,41.7589,69.3864,42.73,37,100,1.34,overcast clouds
573,Riverton,US,40.5219,-111.9391,45.45,57,90,1.99,overcast clouds
574,Washington,US,47.5001,-120.5015,36.64,72,97,3.31,overcast clouds
575,Port Hardy,CA,50.6996,-127.4199,41.0,93,90,18.41,light rain
576,Cerrito,CO,6.8432,-72.694,51.19,87,71,7.09,broken clouds
577,Vila Velha,BR,-20.3297,-40.2925,71.94,95,40,1.99,scattered clouds
578,Inhambane,MZ,-23.865,35.3833,80.58,94,75,3.44,broken clouds
579,Ko Samui,TH,9.5357,99.9357,89.51,58,20,4.61,few clouds
580,Chumikan,RU,54.7183,135.315,10.26,75,1,20.6,clear sky
581,Komsomolskiy,UZ,40.4272,71.7189,36.32,75,100,4.61,mist
582,Udachnyy,RU,66.4167,112.4,-30.62,97,89,5.35,overcast clouds
583,Caravelas,BR,-17.7125,-39.2481,73.76,93,100,5.3,heavy intensity rain
584,Bereda,ES,43.2686,-7.5406,55.15,100,100,7.05,overcast clouds
585,Bulgan,MN,48.8125,103.5347,28.2,20,100,1.66,overcast clouds
586,Vila Franca Do Campo,PT,37.7167,-25.4333,64.81,81,100,9.98,overcast clouds
587,San Carlos De Bariloche,AR,-41.1456,-71.3082,73.15,27,20,4.61,few clouds
588,Kulhudhuffushi,MV,6.6221,73.07,82.62,75,57,12.68,broken clouds
589,Micheweni,TZ,-4.9667,39.8333,79.5,76,48,0.76,scattered clouds
590,Hervey Bay,AU,-25.2986,152.8535,84.31,63,99,7.72,overcast clouds
591,Mayo,US,38.8876,-76.5119,49.95,29,90,26.46,overcast clouds
592,Luwuk,ID,-0.9516,122.7875,85.05,77,100,3.0,overcast clouds
593,Lubango,AO,-14.9172,13.4925,60.01,80,8,2.84,clear sky
594,Hudson Bay,CA,52.85,-102.3842,-2.56,90,100,4.61,overcast clouds
595,Fort Morgan,US,40.2503,-103.8,30.94,34,90,8.05,overcast clouds
596,Weihe,CN,32.9952,105.3247,41.0,99,100,5.26,overcast clouds
597,Khorinsk,RU,52.1657,109.7726,18.59,70,13,1.88,few clouds
598,Cururupu,BR,-1.8283,-44.8683,74.79,96,58,3.09,broken clouds
599,Narrabri,AU,-30.3167,149.7833,81.52,57,54,10.36,broken clouds
600,Kamina,CD,-8.7386,24.9906,63.97,94,100,1.74,overcast clouds
601,Ahuimanu,US,21.4447,-157.8378,74.91,75,90,3.44,heavy intensity rain
602,Ola,RU,59.5833,151.2833,14.45,92,100,14.0,snow
603,Constitucion,CL,-35.3333,-72.4167,55.38,84,86,9.13,overcast clouds
604,Dubai,AE,25.2582,55.3047,68.22,68,20,4.61,few clouds
605,Diffa,NE,13.3154,12.6113,67.1,20,54,9.08,broken clouds
606,Pangai,TO,-19.8,-174.35,82.51,61,75,6.91,broken clouds
607,Jardim,BR,-21.4803,-56.1381,77.04,54,99,1.74,overcast clouds
608,Tortoli,IT,39.9256,9.6572,50.99,40,0,17.27,clear sky
609,Verkhoyansk,RU,67.5447,133.385,-45.87,93,52,3.42,broken clouds
610,Neryungri,RU,56.6709,124.6491,1.27,85,100,1.74,overcast clouds
611,Cayenne,GF,4.9333,-52.3333,76.08,92,75,0.0,broken clouds
612,Iquitos,PE,-3.7481,-73.2472,75.24,94,75,2.3,broken clouds
613,Oriximina,BR,-1.7656,-55.8661,75.61,91,97,2.51,overcast clouds
614,Nome,US,64.5011,-165.4064,23.07,86,90,9.22,mist
615,Veshenskaya,RU,49.6303,41.7334,34.16,95,100,11.97,overcast clouds
616,Antofagasta,CL,-23.65,-70.4,63.68,79,94,4.92,overcast clouds
617,Saint Paul,US,44.9444,-93.0933,6.84,68,1,1.01,clear sky
618,Santa Cruz,BO,-17.8,-63.1667,80.06,74,75,5.75,broken clouds
619,Puro,PH,12.4841,123.3827,82.17,70,37,10.78,scattered clouds
620,Riyadh,SA,24.6877,46.7219,53.74,35,19,6.51,few clouds
621,Itacare,BR,-14.2775,-38.9967,74.73,90,99,4.54,overcast clouds
622,Qui Nhon,VN,13.7667,109.2333,72.68,81,97,17.43,overcast clouds
623,Calama,CL,-22.4667,-68.9333,59.49,20,90,5.75,overcast clouds
624,La Palma,US,33.8464,-118.0467,62.02,85,75,1.01,broken clouds
625,Wanning,CN,18.8003,110.3967,73.78,62,83,13.58,broken clouds
626,Roald,NO,62.5833,6.1333,37.33,55,90,20.71,overcast clouds
627,Aykhal,RU,66.0,111.5,-25.64,97,62,6.29,broken clouds
628,Acarau,BR,-2.8856,-40.12,80.76,80,54,15.3,broken clouds
629,Puerto Colombia,CO,10.9878,-74.9547,80.69,78,7,21.72,clear sky
630,Libertador General San Martin,AR,-23.8064,-64.7876,78.94,72,100,1.74,heavy intensity rain
631,Sirur,IN,18.8333,74.3833,73.78,50,1,11.14,clear sky
632,Tiznit,MA,29.5833,-9.5,55.69,27,0,5.73,clear sky
633,Ushtobe,KZ,45.2514,77.9838,40.95,79,96,3.62,overcast clouds
634,Safita,SY,34.8205,36.1153,58.98,54,74,12.77,broken clouds
635,Shimoda,JP,34.6667,138.95,60.91,74,86,19.77,light rain
636,Saint-Georges,GD,12.0564,-61.7485,78.48,78,20,11.5,few clouds
637,Mayen,DE,50.3333,7.2167,39.69,76,99,12.3,overcast clouds
638,Sisimiut,GL,66.9395,-53.6735,20.41,77,100,14.61,light snow
639,Fairbanks,US,64.8378,-147.7164,21.54,83,75,0.0,broken clouds
640,Manyoni,TZ,-5.7467,34.8382,65.14,77,98,6.93,overcast clouds
641,Bandarbeyla,SO,9.4942,50.8122,75.04,63,30,17.07,scattered clouds
642,Namibe,AO,-15.1961,12.1522,71.65,66,7,3.24,clear sky
643,Badiraguato,MX,25.3667,-107.5167,67.05,49,5,3.69,clear sky
644,Majene,ID,-3.5403,118.9707,78.03,90,100,5.5,moderate rain
645,Camacha,PT,33.0833,-16.3333,61.56,59,75,5.75,broken clouds
646,Burnie,AU,-41.0667,145.9167,64.38,36,24,13.06,few clouds
647,Along,IN,28.1667,94.7667,61.66,96,100,0.34,overcast clouds
648,Saquena,PE,-4.6667,-73.5167,72.14,99,100,2.77,overcast clouds
649,Egvekinot,RU,66.3167,-179.1667,-4.38,86,100,6.53,overcast clouds
650,Zhigalovo,RU,54.8097,105.1578,26.56,86,97,2.82,overcast clouds
651,Fortuna,US,40.5982,-124.1573,49.42,96,90,1.01,light rain
652,Coquimbo,CL,-29.9533,-71.3436,58.73,77,90,3.44,overcast clouds
653,Sampit,ID,-2.5333,112.95,82.94,72,93,4.05,overcast clouds
654,Tonantins,BR,-2.8731,-67.8022,72.93,99,100,1.1,overcast clouds
655,Jiaojiang,CN,28.6803,121.4428,64.0,57,0,11.54,clear sky
656,Panalingaan,PH,8.7842,117.4231,84.6,65,98,7.47,overcast clouds
657,Tucuma,BR,-0.1833,-50.05,76.14,93,76,4.61,broken clouds
658,Tautira,PF,-17.7333,-149.15,84.22,74,81,13.91,light rain
659,Chulman,RU,56.8479,124.9104,-4.0,89,86,1.86,overcast clouds
660,Camana,PE,-16.6228,-72.7111,68.14,85,100,6.42,overcast clouds
661,Santa Vitoria Do Palmar,BR,-33.5189,-53.3681,61.99,90,3,7.34,clear sky
662,Hundested,DK,55.9667,11.8667,35.44,86,100,18.57,overcast clouds
663,Kamenka,RU,51.3223,42.7678,26.74,84,100,14.03,overcast clouds
664,Campo Verde,BR,-20.4167,-54.0667,78.01,52,52,5.61,broken clouds
665,Pemangkat,ID,1.1667,108.9667,83.61,75,70,9.31,broken clouds
666,Oranjestad,AW,12.524,-70.027,80.55,83,20,16.11,few clouds
667,Saint-Joseph,RE,-21.3667,55.6167,79.21,70,8,10.6,clear sky
668,Yenagoa,NG,4.9247,6.2642,76.17,91,99,2.53,overcast clouds
669,Guilin,CN,25.2819,110.2864,64.51,33,5,4.94,clear sky
670,Vuktyl,RU,63.8567,57.3094,0.14,96,100,8.1,overcast clouds
671,Mount Isa,AU,-20.7333,139.5,94.77,28,32,8.05,scattered clouds
672,Callaway,US,30.153,-85.5699,66.13,95,90,5.75,overcast clouds
673,Wagar,SD,16.1525,36.2032,70.92,79,0,7.27,clear sky
674,Namatanai,PG,-3.6667,152.4333,79.75,88,100,8.25,moderate rain
675,Abu Dhabi,AE,24.4667,54.3667,68.97,75,0,1.99,clear sky
676,Hihya,EG,30.6713,31.588,63.48,67,100,3.11,overcast clouds
677,Nampula,MZ,-15.1165,39.2666,73.35,78,20,8.05,mist
678,Lamu,KE,-2.2717,40.902,80.82,80,37,6.53,light rain
679,Khasan,RU,42.4308,130.6434,36.91,50,0,7.31,clear sky
680,Eyl,SO,7.9803,49.8164,74.37,64,4,15.57,clear sky
681,Wesselsbron,ZA,-27.8549,26.3658,61.11,49,0,5.44,clear sky
682,Chiang Rai,TH,19.9167,99.9167,78.3,74,0,2.3,clear sky
683,Moctezuma,MX,29.8,-109.6667,60.69,28,0,1.1,clear sky
684,Manokwari,ID,-0.8667,134.0833,84.0,70,100,3.11,overcast clouds
685,Lobito,AO,-12.3481,13.5456,77.22,82,99,3.62,overcast clouds
686,Scarborough,GB,54.2797,-0.4044,36.91,90,1,1.99,clear sky
687,Goderich,CA,43.7501,-81.7165,32.92,80,100,20.71,snow
688,Tiarei,PF,-17.5333,-149.3333,84.22,73,90,12.26,overcast clouds
689,Tottori,JP,35.5,134.2333,51.8,93,75,2.3,broken clouds
690,Alice Springs,AU,-23.7,133.8833,87.35,37,40,8.05,scattered clouds
691,Natal,BR,-5.795,-35.2094,79.02,89,20,8.05,few clouds
692,Nuevo Progreso,MX,23.1667,-97.95,75.6,82,59,2.51,broken clouds
693,Atambua,ID,-9.1061,124.8925,84.65,65,99,2.53,overcast clouds
694,Kendari,ID,-3.945,122.4989,86.76,60,97,4.74,overcast clouds
695,Maniitsoq,GL,65.4167,-52.9,23.11,54,100,11.43,light snow
696,Griffith,US,41.5284,-87.4237,20.05,47,1,4.0,clear sky
697,Dingle,PH,10.9995,122.6711,81.41,73,97,10.49,overcast clouds
698,Gold Coast,AU,-28.0,153.4333,86.16,70,100,9.22,overcast clouds
699,Agadir,MA,30.4202,-9.5982,46.85,41,0,4.36,clear sky
700,Okitipupa,NG,6.5047,4.7839,76.03,95,95,0.54,overcast clouds
701,Aden,YE,12.7794,45.0367,78.35,70,17,13.76,few clouds
702,Novska,HR,45.3406,16.9769,31.87,95,13,3.91,few clouds
703,Chagoda,RU,59.164,35.3285,18.52,95,100,8.63,light snow
704,Raudeberg,NO,61.9875,5.1352,36.27,70,100,11.01,light snow
705,Omboue,GA,-1.5746,9.2618,74.3,93,100,3.78,overcast clouds
706,Dalbandin,PK,28.8947,64.4101,59.05,17,0,2.48,clear sky
707,Marfino,RU,55.7028,37.3822,27.95,87,90,11.18,shower snow
708,Catabola,AO,-12.15,17.2833,60.48,90,98,0.94,light rain
